name,play,fans,label,score,times,date,info,imgUrl,longComments,shortComments
说唱新世代,7.5亿,7.5亿次播放,1092.6万,9.6,117304人评,2020年8月22日开播,"已完结, 全11集",http://i0.hdslb.com/bfs/bangumi/image/e797e6d180d9f198a0cdc76fd75e50f29c745f25.jpg,349,41103
我的音乐你听吗,2.8亿,2.8亿次播放,278.1万,9.2,29219人评,2021年8月28日开播,"已完结, 全10集",http://i0.hdslb.com/bfs/bangumi/image/58fc33109292a14e9861b50a24a189bd24e02807.png,155,9057
90婚介所,2.3亿,2.3亿次播放,196.4万,9.1,6589人评,2021年8月13日开播,"已完结, 全12集",http://i0.hdslb.com/bfs/bangumi/image/cf25f959015311ed4f3e37ee5e547b3f12a8432d.jpg,111,1856
我是特优声,1.8亿,1.8亿次播放,333.3万,9.2,54543人评,2020年12月19日开播,"已完结, 全10集",http://i0.hdslb.com/bfs/bangumi/image/c2a9dce9e54e96964c5c31905a9208258152d5d9.jpg,461,30402
欢天喜地好哥们,1.8亿,1.8亿次播放,393万,9.0,118215人评,2020年7月24日开播,"已完结, 全12集",http://i0.hdslb.com/bfs/bangumi/image/85eadbd5423680e5db85dd9c75cdbb79262d060b.jpg,370,41729
90婚介所2022,1.8亿,1.8亿次播放,74.6万,8.5,2940人评,2022年5月14日开播,"连载中, 每周五12点，周日20点会员加更",http://i0.hdslb.com/bfs/bangumi/image/9dda9d28e3f7b4e5d2448be41ea96a49e11e4ad8.jpg,18,917
哔计划,1.8亿,1.8亿次播放,96.4万,,,2018年6月27日开播,连载中,http://i0.hdslb.com/bfs/bangumi/image/5b7cb7aca492eee4c497b2e8272085390bd68b6d.png,,
2020最美的夜 bilibili晚会,1.7亿,1.7亿次播放,121.5万,9.5,25046人评,2021年1月1日开播,"已完结, 全5集",http://i0.hdslb.com/bfs/bangumi/image/72cb12d4fd380865529ed16603c1001436977589.jpg,120,8670
时代少年团2021火力全开演唱会,1.7亿,1.7亿次播放,549.2万,9.8,22220人评,2021年12月14日开播,"已完结, 全2集",http://i0.hdslb.com/bfs/bangumi/image/8ac2486de2f7e3c518d34af32a907ac2038026e1.png,68,12428
非正式会谈 第6.5季,1.5亿,1.5亿次播放,113.5万,9.4,9103人评,2021年5月7日开播,"已完结, 全10集",http://i0.hdslb.com/bfs/bangumi/image/aa56641d0407534978bf4c93872d23d6cb39dac6.jpg,72,2640
2021最美的夜 bilibili晚会,1.5亿,1.5亿次播放,79.4万,9.4,18503人评,2021年12月31日开播,"已完结, 全3集",http://i0.hdslb.com/bfs/bangumi/image/dfa123159cd4accb04fcdee9239bd2218ad4a2be.jpg,107,4442
bilibili晚会 二零一九最美的夜,1.4亿,1.4亿次播放,475.1万,9.9,95689人评,2019年12月31日开播,"已完结, 全3集",http://i0.hdslb.com/bfs/bangumi/image/588b2e03de4220246811945266b4d71541e28204.jpg,66,30931
有点心机又如何,1.3亿,1.3亿次播放,33.1万,9.6,5958人评,2020年8月24日开播,连载中,http://i0.hdslb.com/bfs/bangumi/image/cbd508a72f1179ef39f9c39af0d5a047f79b0a96.jpg,8,1263
非正式会谈 第6季,1.2亿,1.2亿次播放,256.2万,9.7,12927人评,2020年1月17日开播,"已完结, 全28集",http://i0.hdslb.com/bfs/bangumi/image/83fd62f43b83f2e3916c5c112aa853e6133318f0.jpg,23,4027
非正式会谈 第7季,1.1亿,1.1亿次播放,49.1万,9.6,5333人评,每周五晚8:00更新1期开播,"连载中, 每周五晚8点，大会员抢先看1天",http://i0.hdslb.com/bfs/bangumi/image/3dcca94624af6a020a35b0d17a03179a34bc08c1.png,9,1317
非正式会谈 第5季,1.1亿,1.1亿次播放,252.6万,9.8,16001人评,2019年5月17日开播,"已完结, 全12集",http://i0.hdslb.com/bfs/bangumi/image/f2a79c03feb5ebc97d34901c63382eabf5c0f912.jpg,41,6859
暴走《大事件》第六季,1.1亿,1.1亿次播放,256.5万,9.8,938人评,2019年1月1日开播,"已完结, 全33集",http://i0.hdslb.com/bfs/bangumi/image/a6883695bcb73f2bf41f23ce29d5790828abbecc.png,1,171
舞千年,1亿,1亿次播放,39.3万,9.9,17618人评,2021年11月6日开播,"已完结, 全8集",http://i0.hdslb.com/bfs/bangumi/image/28188290180b128a1398cc5221ab9aaae770f2ee.png,28,4852
破圈吧变形兄弟,8894.8万,8894.8万次播放,124.4万,9.4,52364人评,2020年8月5日开播,"已完结, 全8集",http://i0.hdslb.com/bfs/bangumi/image/e8869929299aa4e5d7378b826673cdde93a5b6be.jpg,86,20762
极限挑战 第一季,7598.9万,7598.5万次播放,54.3万,9.8,11671人评,2015年6月14日开播,"已完结, 全12集",http://i0.hdslb.com/bfs/bangumi/image/4818cb0854bab948631d0a23673fb0d973b80c54.jpg,11,3451
莽吧！变形兄弟,6625.1万,6625.1万次播放,101.4万,9.8,5997人评,2019年7月20日开播,"已完结, 全16集",http://i0.hdslb.com/bfs/bangumi/image/b82e491c9113554b739604fc4c73bd29e2b1f6be.jpg,1,1380
暴走《大事件》第八季,6222.8万,6222.8万次播放,44.8万,9.8,671人评,2021年2月12日开播,"已完结, 全28集",http://i0.hdslb.com/bfs/bangumi/image/770809a61f992cbad5315d48982e1661cb7d6ad0.png,6,192
王牌对王牌 第五季,6009.3万,6009.2万次播放,15.3万,8.8,2140人评,2020年2月21日开播,"已完结, 全10集",http://i0.hdslb.com/bfs/bangumi/image/ea449420304765fffc651c395ffa7a51b940fe59.jpg,5,845
极限挑战 第二季,5869万,5868.9万次播放,54.8万,9.8,9544人评,2016年4月17日开播,"已完结, 全13集",http://i0.hdslb.com/bfs/bangumi/image/4745a2a3fc99ce4066e60f6ebcee4877143c5dde.jpg,5,2528
UP主变形记,5593.5万,5593.5万次播放,47.2万,9.7,4407人评,2019年4月19日开播,"已完结, 全30集",http://i0.hdslb.com/bfs/bangumi/image/65573a8202c981d8bf066ba81995b56bb245046a.jpg,,998
屋檐之夏,5565.5万,5565.5万次播放,31.5万,9.8,5523人评,2021年9月23日开播,"已完结, 全10集",http://i0.hdslb.com/bfs/bangumi/image/b223e5829f35a0d1c7aa10a1084a1e9f2ee7e935.png,31,1696
非正式会谈 第3季,5495.8万,5495.8万次播放,229.4万,9.8,3779人评,2016年12月9日开播,"已完结, 全42集",http://i0.hdslb.com/bfs/bangumi/ff16864e418bedf2ff9ff7449f7ed7a252f2012f.jpg,,1053
爱乐之都,5490.1万,5490万次播放,19.1万,8.2,1058人评,2022年3月12日开播,"连载中, 每周五21:30/周日12点加更",http://i0.hdslb.com/bfs/bangumi/image/a1d4ee31affb3fcef602e844b3ad036a5db27f7e.png,7,460
非正式会谈 第2季,5408.7万,5408.7万次播放,167.4万,9.9,3873人评,2015年12月11日开播,"已完结, 全50集",http://i0.hdslb.com/bfs/bangumi/684049490bd64aa81b24ade741be3d5e3ba973f5.jpg,3,1119
极限挑战 第三季,5268万,5267.9万次播放,39.5万,9.8,6970人评,2017年7月9日开播,"已完结, 全11集",http://i0.hdslb.com/bfs/bangumi/image/e96f282a38df98e3cef790b68ad355c6f9353291.jpg,4,1785
金星秀,5235.7万,5235.7万次播放,35.8万,9.2,4603人评,2015年1月28日开播,"已完结, 全132集",http://i0.hdslb.com/bfs/bangumi/image/c5baa22d315621171ad7ed1387d2fbfd2f7d9e3a.jpg,2,1240
百分之二的爱2,4968.3万,4968.3万次播放,11.6万,9.8,3585人评,2021年6月17日开播,"已完结, 全8集",http://i0.hdslb.com/bfs/bangumi/image/e2d0842a7a24aa3478b29d14ff039576c6c15e8a.png,14,747
暴走《大事件》第七季,4768.3万,4768.3万次播放,36万,9.7,1587人评,2020年10月23日开播,"已完结, 全12集",http://i0.hdslb.com/bfs/bangumi/image/c3ef1e97359e6f5e8abdc93cd49b585823d986e7.png,4,317
康熙来了 2015,4606.9万,4606.9万次播放,14.7万,9.1,858人评,2015年1月1日开播,"连载中, 全集陆续更新中",http://i0.hdslb.com/bfs/bangumi/image/8845ba3b409fe31c70a2b1c2272f3b60e06885fa.jpg,2,233
造浪,4603.2万,4603.2万次播放,28.9万,7.9,6310人评,2020年12月11日开播,"已完结, 全8集",http://i0.hdslb.com/bfs/bangumi/image/d1556d9a3ce5a0304ee51fd573079a518ccee015.jpg,25,2783
非正式会谈 第4季,4596.7万,4596.7万次播放,105万,9.8,3021人评,2018年6月29日开播,"已完结, 全12集",http://i0.hdslb.com/bfs/bangumi/1b9b84936941f802b9079cac8c2a60973520bffd.jpg,2,750
我和我的祖国 电影幕后纪实节目,4558.5万,4558.5万次播放,18.7万,9.5,3352人评,2019年9月30日开播,"已完结, 全7集",http://i0.hdslb.com/bfs/bangumi/5045cc0c069e0372934d23b9c04be09bd817dddb.jpg,1,893
动物圈的问号脸 第二季,4458.3万,4458.2万次播放,4.3万,9.2,782人评,2021年11月2日开播,"已完结, 全10集",http://i0.hdslb.com/bfs/bangumi/image/3b60768c2fd2296da664abf849c96ced26730033.png,4,234
国家宝藏 第三季,4180.4万,4180.4万次播放,47万,9.6,9052人评,2020年12月6日开播,"已完结, 全10集",http://i0.hdslb.com/bfs/bangumi/image/cb5f34af5ec65b9a203309fb16eed4be5be7775c.jpg,20,2296
中央广播电视总台2019主持人大赛,4130.6万,4130.6万次播放,59.3万,9.7,5803人评,2019年10月26日开播,"已完结, 全12集",http://i0.hdslb.com/bfs/bangumi/image/52748d322a707a4f74aa8b43085ff95ebcdb8a24.jpg,14,1694
梦想改造家 第六季,3919万,3919万次播放,39.2万,9.5,5948人评,2019年8月28日开播,"已完结, 全13集",http://i0.hdslb.com/bfs/bangumi/b8965462bd82a8237247f20e441cbd352a270420.jpg,7,2111
动物圈的问号脸,3704.8万,3704.8万次播放,35.5万,8.8,4483人评,2020年6月10日开播,"已完结, 全10集",http://i0.hdslb.com/bfs/bangumi/image/bff42d775f88903d050ff47d5ecda35983f55652.jpg,15,1398
梦想改造家 第七季,3660.8万,3660.8万次播放,37.2万,9.7,2708人评,2020年9月23日开播,"已完结, 全13集",http://i0.hdslb.com/bfs/bangumi/image/0c1c0c68f18c041645ce9d1b196ac76f30143411.jpg,6,672
故事王StoryMan 第二季,3620万,3620万次播放,100.7万,7.6,1334人评,2018年11月10日开播,"已完结, 全13集",http://i0.hdslb.com/bfs/bangumi/27a2e80f4ba6bb4f0eecda31cbbe16d4ad425b29.jpg,10,402
百分之二的爱,3549.2万,3549.2万次播放,19万,9.8,6687人评,2020年9月3日开播,"已完结, 全8集",http://i0.hdslb.com/bfs/bangumi/image/09b562acbd90ecc765e0527af20e957ba91611c9.jpg,17,2012
2021 bilibili夏日毕业歌会,3480.3万,3480.2万次播放,14.8万,9.8,221人评,2021年6月20日开播,"已完结, 全1集",http://i0.hdslb.com/bfs/bangumi/image/288daef2691754852b3b8679995bda808fd1b173.png,,26
你好生活 第三季,3442.2万,3442.2万次播放,23.4万,9.9,5519人评,2021年8月5日开播,"已完结, 全12集",http://i0.hdslb.com/bfs/bangumi/image/e7d53a2309da297a76dc19d285239e7841745c6d.png,9,1212
梦想改造家 第八季,3410万,3410万次播放,34.7万,6.1,34933人评,2021年9月15日开播,连载中,http://i0.hdslb.com/bfs/bangumi/image/918cb3bb1798565ff34f15f02946fdf6f02a365b.png,76,20954
花样实习生,3385.2万,3385.1万次播放,31万,8.6,6035人评,2020年7月10日开播,"已完结, 全11集",http://i0.hdslb.com/bfs/bangumi/image/64842a6e1e0a9d73226635014b17d340981959f6.jpg,9,2046
BILIBILI MACRO LINK  2019广州场,3357.9万,3357.9万次播放,16.7万,9.8,2430人评,2019年12月7日开播,"已完结, 全2集",http://i0.hdslb.com/bfs/bangumi/image/b652e50552cc966f0e039614b083025850e785d0.jpg,,384
国家宝藏 第二季,3198万,3198万次播放,72.7万,9.8,1724人评,2018年12月9日开播,"已完结, 全10集",http://i0.hdslb.com/bfs/bangumi/f6a48b1017549c8cc5b0653b93e0f2dea8658668.png,2,283
综艺哔哔姬,3195.8万,3195.8万次播放,1.2万,,,2022年3月7日开播,连载中,http://i0.hdslb.com/bfs/bangumi/image/f770ee76dbef77b1216df354cbc6d0def4deb738.png,,
极限挑战 第四季,3182.8万,3182.8万次播放,26.9万,9.7,4441人评,2018年4月29日开播,"已完结, 全12集",http://i0.hdslb.com/bfs/bangumi/image/899d2909e71970e9cf153d872279705528329483.jpg,10,1213
超级变变变,3088.9万,3088.9万次播放,6.5万,9.7,1195人评,2020年2月1日开播,连载中,http://i0.hdslb.com/bfs/bangumi/image/e3b53f0b1b3db8b6e524a2e5e791bf51643c9ffa.jpg,3,310
非正式会谈 第3.5季,3037.5万,3037.5万次播放,95.3万,9.7,1753人评,2017年12月8日开播,"已完结, 全20集",http://i0.hdslb.com/bfs/bangumi/99c2ef4679ec402c5733b66cea8c9fec503612d4.jpg,,431
闪闪发光的少年,2979.3万,2979.1万次播放,5.8万,9.7,2720人评,2022年1月20日开播,"已完结, 全8集",http://i0.hdslb.com/bfs/bangumi/image/4165ed8699af5964a2e3cf494a433f5dc2531989.png,4,915
三个少年,2835.3万,2835.3万次播放,10.4万,9.1,3824人评,2022年3月31日开播,"已完结, 全10集",http://i0.hdslb.com/bfs/bangumi/image/09badcf36c4b784f983aec786b38c000d087c636.png,11,2126
国家宝藏 第一季,2816.2万,2816.2万次播放,134.6万,9.8,2296人评,2017年12月3日开播,"已完结, 全10集",http://i0.hdslb.com/bfs/bangumi/acd6c255647414332b2cf42436f589fb76fa3eb7.jpg,1,410
你好生活 第二季,2645.8万,2645.8万次播放,29.3万,9.9,6813人评,2020年11月4日开播,"已完结, 全12集",http://i0.hdslb.com/bfs/bangumi/image/32b09af123619faaa3f2727b7745f9c0ffe0c3f4.png,2,1896
2020 bilibili夏日毕业歌会,2589.6万,2589.6万次播放,21万,9.7,113人评,2020年7月11日开播,"已完结, 全1集",http://i0.hdslb.com/bfs/bangumi/image/3bc3ee42a145391dc4b8ea5c6aa7a763bcec6b2a.png,,15
康熙来了 2013,2483.4万,2483.4万次播放,10.5万,9.1,366人评,2013年1月1日开播,"连载中, 全集陆续更新中",http://i0.hdslb.com/bfs/bangumi/image/35c7ae3df0225bcf5597384fb2249ef7bdeef6d1.png,,84
2022 bilibili夏日毕业歌会,2473.6万,2473.6万次播放,12.3万,9.7,1837人评,2022年6月16日开播,"已完结, 全1集",http://i0.hdslb.com/bfs/bangumi/image/51b6d899f3a716cd869342f33c9d25c2606f2943.jpg,,505
穿越吧,2464万,2464万次播放,12.4万,6.6,3295人评,2019年10月18日开播,"已完结, 全10集",http://i0.hdslb.com/bfs/bangumi/image/b1c9cc5189cc1ea7de9ca80da45179dec5085ecf.jpg,16,1483
奔跑吧兄弟 第一季,2442.1万,2442.1万次播放,14.4万,7.8,3135人评,2014年10月10日开播,"已完结, 全16集",http://i0.hdslb.com/bfs/bangumi/image/a301c006f7326c5445ed2ff2998aa3e1dcf3dacf.jpg,4,1298
bilibili直播周刊,2431.2万,2431.2万次播放,15.9万,6.2,844人评,2020年5月30日开播,"连载中, 每周五18:00更新",http://i0.hdslb.com/bfs/bangumi/image/b0cff3132cf77d425096262c2d94414ce360cde9.png,1,342
王牌对王牌 第四季,2426.7万,2426.7万次播放,8.4万,9.2,1209人评,2019年2月1日开播,"已完结, 全12集",http://i0.hdslb.com/bfs/bangumi/image/891aaaa31578ff3a120cf9eab66fba9cc7b8d04b.jpg,7,461
2022 B站元宵晚会《上元千灯会》,2390.2万,2390.2万次播放,3.6万,9.9,920人评,2022年2月16日开播,"已完结, 全1集",http://i0.hdslb.com/bfs/bangumi/image/a17e500667283087a3d97b1a31da1c59a63164f7.png,1,244
非正式会谈 第1季,2360.1万,2360万次播放,62.5万,9.8,1972人评,2015年4月24日开播,"已完结, 全22集",http://i0.hdslb.com/bfs/bangumi/fd70471d32347a15d0a4c16569acbc3bbdd58838.jpg,1,448
2021 B站中秋晚会《花好月圆会》,2087.3万,2087.3万次播放,8.3万,,,2021年9月21日开播,"已完结, 全1集",http://i0.hdslb.com/bfs/bangumi/image/a3ac82f2c89e2ca0f5edc82f35fa047bd95653f9.png,,13
聚划算百亿补贴 55青春选择之夜,1894.9万,1894.9万次播放,11万,9.6,1021人评,2020年5月5日开播,"已完结, 全1集",http://i0.hdslb.com/bfs/bangumi/image/6222aced01204e89a6ca7c5e418372e23915c362.jpg,1,459
你好生活,1678.9万,1678.8万次播放,15.2万,9.8,3409人评,2019年12月18日开播,"已完结, 全13集",http://i0.hdslb.com/bfs/bangumi/image/6a94ed8876a62a9d35f88d0a67201b5e69bc4f50.jpg,3,922
康熙来了 2009,1552.6万,1552.6万次播放,6万,8.8,131人评,2009年1月1日开播,"连载中, 全集陆续更新中",http://i0.hdslb.com/bfs/bangumi/image/50260ddd3d794b5ba0d70fabb3507155254466f0.png,,27
落地成双 第一季,1543.5万,1543.5万次播放,7403,,,2020年10月14日开播,"已完结, 全18集",http://i0.hdslb.com/bfs/bangumi/image/9c7e05d502f96ce0482f81d01e16390d2f3f852c.png,,46
明日方舟音律联觉专场演出 2021,1426.6万,1426.6万次播放,11.6万,9.9,25050人评,2021年6月12日开播,"已完结, 全2集",http://i0.hdslb.com/bfs/bangumi/image/7c204cc40200ca9afa723e0461f4ba32daed20c8.jpg,30,7975
BILIBILI MACRO LINK  2019,1414.7万,1414.7万次播放,16.4万,9.9,1856人评,2019年7月20日开播,"已完结, 全3集",http://i0.hdslb.com/bfs/bangumi/image/192a612ce004057c366ded3b1dc01873ae1e8a06.jpg,1,275
奔跑吧 第一季,1403.5万,1403.5万次播放,9.2万,6.7,1019人评,2017年4月14日开播,"已完结, 全13集",http://i0.hdslb.com/bfs/bangumi/image/263dbd735331f4abd08199a4bbb223cf8e405125.jpg,1,331
Top Gear 第28季,1371.3万,1371.3万次播放,12.1万,9.5,2645人评,2020年2月25日开播,"已完结, 全7集",http://i0.hdslb.com/bfs/bangumi/image/9015f3c2ad1c085c7d33dbdcc457590f5366a50c.png,1,568
闭关修炼指南,1367万,1367万次播放,6.2万,8.5,595人评,2020年2月29日开播,"已完结, 全9集",http://i0.hdslb.com/bfs/bangumi/image/78a6e5db89bb22cfa7b403c346305afa20f95ee6.jpg,2,229
落地成双 第二季,1347.2万,1347.2万次播放,8149,,,2021年8月21日开播,"已完结, 全6集",http://i0.hdslb.com/bfs/bangumi/image/71009d78cda5b18507c837f76945941fd8d1056e.png,,45
天猫618超级晚,1339.1万,1339.1万次播放,8万,8.4,787人评,2020年6月16日开播,"已完结, 全1集",http://i0.hdslb.com/bfs/bangumi/image/97e944dd4182065ca0b94c75f7265ad13a632a73.jpg,,371
VS岚,1328.8万,1328.8万次播放,5.2万,9.9,1678人评,2010年3月11日开播,"连载中, 每周四 18:00更新",http://i0.hdslb.com/bfs/bangumi/image/a3553de804b995dcd7a79f023b9ed5d33a58ae66.png,,713
奔跑吧兄弟 第三季,1284.8万,1284.8万次播放,9.4万,7.1,1431人评,2015年10月30日开播,"已完结, 全14集",http://i0.hdslb.com/bfs/bangumi/image/eb2bff1c40dbef4e62cebb292f366d0db7b4b7d8.jpg,1,457
奔跑吧兄弟 第二季,1272.8万,1272.8万次播放,7.4万,7.3,1123人评,2015年4月17日开播,"已完结, 全13集",http://i0.hdslb.com/bfs/bangumi/image/55071eefcd545309de16db999aa405be9a5e0f01.jpg,,340
康熙来了 2011,1216.7万,1216.7万次播放,2.2万,,,2011年1月3日开播,"连载中, 全集陆续更新中",http://i0.hdslb.com/bfs/bangumi/image/bf75625315da514581912aaaaba8ef3b9e72a902.png,,6
康熙来了 2014,1202.8万,1202.8万次播放,6.5万,9.1,126人评,2014年1月1日开播,"连载中, 全集陆续更新中",http://i0.hdslb.com/bfs/bangumi/image/efb99941602b0fc22a241ec5dad0c406bcf8eea6.png,,29
国乐大典 第二季,1160.7万,1160.7万次播放,10万,9.3,1010人评,2019年7月5日开播,"已完结, 全11集",http://i0.hdslb.com/bfs/bangumi/8dc63f73301f9a3d5704821d313f8afcd170d456.jpg,4,414
虚拟人成材计划,1159.8万,1159.8万次播放,2.1万,3.9,3401人评,2020年8月21日开播,"已完结, 全5集",http://i0.hdslb.com/bfs/bangumi/image/a0591af42621359006b0d3eb778b088285e978e5.png,12,2233
奔跑吧兄弟 第四季,1140.1万,1140.1万次播放,9.8万,6.6,1927人评,2016年4月15日开播,"已完结, 全12集",http://i0.hdslb.com/bfs/bangumi/image/3ff61ef89717e8261333d74dc89da507079852e6.jpg,2,712
杰尼斯Jr.频道,1089.9万,1089.9万次播放,12.9万,9.8,1522人评,2020年3月1日开播,连载中,http://i0.hdslb.com/bfs/bangumi/image/7545d1245d9b308cb9ff9b5651d488b914312bc8.jpg,2,648
极速焕新家,1074.3万,1074.3万次播放,7.6万,7.3,522人评,2021年6月2日开播,"已完结, 全12集",http://i0.hdslb.com/bfs/bangumi/image/e7cb97e598cc6b5304141124f65cd80a4e37cac4.png,3,216
超级演说家·正青春,1023.6万,1023.6万次播放,7.2万,,,2021年5月30日开播,"已完结, 全5集",http://i0.hdslb.com/bfs/bangumi/image/8f62dd76ec89c6921e0a9d5f7a3cf6bac4476104.jpg,15,2008
故事王StoryMan 第一季,1023.5万,1023.5万次播放,64.1万,9.3,602人评,2016年8月20日开播,"已完结, 全8集",http://i0.hdslb.com/bfs/bangumi/7414c953a3140e2bce7aec0d85b3e8c7154bb8a3.jpg,3,163
奔跑吧 第二季,1007万,1006.9万次播放,6.8万,6.3,945人评,2018年4月13日开播,"已完结, 全13集",http://i0.hdslb.com/bfs/bangumi/image/0e6b00fbcf0be62e82a1c6ecc306cb0db1e1d9fc.jpg,,311
康熙来了 2010,974.5万,974.4万次播放,5.8万,,,2010年1月1日开播,"连载中, 全集陆续更新中",http://i0.hdslb.com/bfs/bangumi/image/861c2990681d33f90ce914e670133e1273f27ea5.png,,25
非正式会谈 第5季 大会员专享福利,954万,954万次播放,9.4万,9.8,1029人评,2019年5月17日开播,"已完结, 全39集",http://i0.hdslb.com/bfs/bangumi/image/7b9bafc506006ce3c53733de6a2bda3edc1b94b0.jpg,3,322
2021河南春晚 当潮不让你好牛,935.9万,935.9万次播放,14.4万,9.9,2245人评,2021年2月8日开播,"已完结, 全1集",http://i0.hdslb.com/bfs/bangumi/image/056bcaaeca401660ab5238beda1786616270952c.jpg,3,868
机智过人 第三季,898.6万,898.6万次播放,13.3万,9.5,756人评,2019年7月27日开播,"已完结, 全10集",http://i0.hdslb.com/bfs/bangumi/f23ee81eb731144a4dd454b32154382705e9462f.jpg,2,278
康熙来了 2004,870.4万,870.4万次播放,4.1万,9.6,145人评,2004年1月5日开播,"连载中, 全集陆续更新中",http://i0.hdslb.com/bfs/bangumi/image/8cc29702578aa07348a6d769588c6f6805b20c3e.png,,38
想谈一场偶像剧般的恋爱 第9季,869.8万,869.3万次播放,2.2万,9.0,200人评,2022年5月15日开播,"连载中, 每周日21点更新",http://i0.hdslb.com/bfs/bangumi/image/e5209847c07597030f009b3e41c194788f237903.png,,64
非正式会谈第6季 大会员专享加长版,853.4万,853.4万次播放,22.7万,9.7,2225人评,2020年1月18日开播,"已完结, 全8集",http://i0.hdslb.com/bfs/bangumi/image/63d4813c02afee46759ecb96e6f5058a24e46bbf.jpg,4,501
乐高®大师,818.8万,818.8万次播放,2.3万,7.8,259人评,2021年10月22日开播,"已完结, 全10集",http://i0.hdslb.com/bfs/bangumi/image/9f06805117f3f8d7447e7e7a660db11af2504c1e.png,1,93
失意者联盟,808.3万,808.3万次播放,3.7万,8.5,167人评,2022年1月22日开播,"已完结, 全6集",http://i0.hdslb.com/bfs/bangumi/image/77556369824a27a1ff4afd8d427182296524e1b8.png,1,41
求职高手 第二季 ,792.6万,792.6万次播放,4201,,,2021年5月19日开播,连载中,http://i0.hdslb.com/bfs/bangumi/image/a38d43505952ca9fea508715107a22b433e1e82f.png,,7
2060,772万,771.9万次播放,5万,4.6,1400人评,2021年10月22日开播,"已完结, 全10集",http://i0.hdslb.com/bfs/bangumi/image/5dc0866dc897618f01f5ca633c46570f4f3e75b5.png,14,739
王牌对王牌 第二季,735.7万,735.6万次播放,1.5万,6.2,215人评,2017年1月20日开播,"已完结, 全14集",http://i0.hdslb.com/bfs/bangumi/image/75e74d31739546b4ec337b1eed724ecda91edea7.jpg,,47
王牌对王牌 第三季,693.8万,693.8万次播放,2.9万,7.2,204人评,2018年2月2日开播,"已完结, 全12集",http://i0.hdslb.com/bfs/bangumi/image/9b02e3a7df2ab7dd2302e64f51a6beb709a97541.jpg,,72
今夜百乐门 ,670.4万,670.4万次播放,11.5万,9.5,866人评,2016年9月17日开播,"已完结, 全12集",http://i0.hdslb.com/bfs/bangumi/image/b62416c4704599a4d9a0cce9c3257cb9674d6c9d.jpg,,273
准备好了就出发,667.1万,667.1万次播放,18.1万,9.9,3652人评,2021年9月3日开播,"已完结, 全8集",http://i0.hdslb.com/bfs/bangumi/image/8cb612e22a45663d3c071cd69996a722b0215729.png,16,1834
一堂好课,654.2万,654.2万次播放,3.4万,9.4,1234人评,2019年11月17日开播,"已完结, 全12集",http://i0.hdslb.com/bfs/bangumi/image/1de4223d1b2b62d8b9eacca95e9d3550b0c7ac3b.jpg,2,359
我是特优声 剧团季,647.1万,647万次播放,10.9万,,,敬请期待,,http://i0.hdslb.com/bfs/bangumi/image/44774678f34e40b6d0bdfae35b20df40b045d496.png,7,438
国家宝藏·展演季,637.6万,637.6万次播放,4.4万,9.9,1078人评,2021年10月23日开播,连载中,http://i0.hdslb.com/bfs/bangumi/image/e2355369a44ddf518822f9bf1631aef8e3b02456.png,2,228
流淌的歌声 第二季,623.7万,623.7万次播放,9.6万,9.8,858人评,2020年6月19日开播,"已完结, 全10集",http://i0.hdslb.com/bfs/bangumi/image/bfb9d0790f63056d7f7fad34a2c3a778375111ab.jpg,18,313
哔哩哔哩小年Yeah！,615.4万,615.4万次播放,1.9万,9.0,702人评,2021年2月4日开播,"已完结, 全3集",http://i0.hdslb.com/bfs/bangumi/image/949ea561088260695a7432e6b008b06228fda345.jpg,,122
康熙来了 2008,611.7万,611.6万次播放,1.8万,,,2008年1月1日开播,"连载中, 全集陆续更新中",http://i0.hdslb.com/bfs/bangumi/image/5efb3d581af886a10a79ba7f48e4781df98d43a7.png,,7
康熙来了 2012,604.4万,604.4万次播放,2.7万,,,2012年1月2日开播,"连载中, 全集陆续更新中",http://i0.hdslb.com/bfs/bangumi/image/f9bcd6e6b8820b1717e675249cdc18e114b3a22c.png,,11
春满东方2020东方卫视春节晚会,603.3万,603.3万次播放,4.3万,9.5,1121人评,2020年1月25日开播,"已完结, 全3集",http://i0.hdslb.com/bfs/bangumi/image/d2166fb2ec81f6c39f2f5ec42f3f812f200e40a3.jpg,1,704
朗读者 第三季,570.6万,570.6万次播放,3.4万,,,2021年9月18日开播,"连载中, 周一21点30限免",http://i0.hdslb.com/bfs/bangumi/image/818b0816f322122e19c609c2cb14ce9176ee10c0.png,,
BILIBILI MACRO LINK  2017,555.7万,555.7万次播放,23.1万,9.8,301人评,2017年7月23日开播,"已完结, 全1集",http://i0.hdslb.com/bfs/bangumi/image/8ce48044116d7c2e63c28ab31dfcb7d718495942.png,,44
BILIBILI MACRO LINK  2016,514.9万,514.9万次播放,41.2万,9.7,252人评,2016年7月23日开播,"已完结, 全2集",http://i0.hdslb.com/bfs/bangumi/image/3752923c98263caa362cd45219645021e3a69be6.png,,41
跟着贝尔去冒险,513.4万,513.4万次播放,7.1万,8.4,472人评,2015年10月16日开播,"已完结, 全12集",http://i0.hdslb.com/bfs/bangumi/image/103093ec21d80261d72511bff195317aa4b1240d.jpg,1,164
王牌对王牌 第一季,511.9万,511.9万次播放,7848,7.5,126人评,2016年1月29日开播,"已完结, 全10集",http://i0.hdslb.com/bfs/bangumi/image/6eabbb90ac0d7bc0e2f9d4661f28950a6a8af327.jpg,,38
初音未来 Magical Mirai 2019演唱会,508.4万,508.4万次播放,5万,9.9,7532人评,2019年8月31日开播,"已完结, 全1集",http://i0.hdslb.com/bfs/bangumi/dab5c91a973fbb2972cdb23fa49be1e72c77d721.jpg,5,2521
四川卫视2021花开天下·国韵新年演唱会,505.6万,505.6万次播放,2.9万,9.6,980人评,2021年1月1日开播,"已完结, 全1集",http://i0.hdslb.com/bfs/bangumi/image/73699345a458c60d9123226471ddc2af1864866b.jpg,,399
沙友理的爱吃厨房,491.5万,491.5万次播放,2.3万,9.8,1962人评,2019年10月23日开播,连载中,http://i0.hdslb.com/bfs/bangumi/image/1318bcc9135701f84e3b6c92c314fef24806adb7.jpg,,752
聚划算百亿补贴 99划算夜,490.4万,490.4万次播放,2.3万,,,2020年9月9日开播,"已完结, 全1集",http://i0.hdslb.com/bfs/bangumi/image/25ee8e5504cb0574d283192f320d8a42c7dd0536.jpg,,
端午奇妙游 《唐宫夜宴》前传,485.1万,485.1万次播放,3.9万,9.9,3464人评,2021年6月12日开播,"已完结, 全1集",http://i0.hdslb.com/bfs/bangumi/image/a503389e83e1e5af82240a19064aba9289c286a0.jpg,6,1252
BILIBILI MACRO LINK  2018,452.7万,452.7万次播放,13.3万,9.8,179人评,2018年7月22日开播,"已完结, 全3集",http://i0.hdslb.com/bfs/bangumi/image/77424fdddb12e1aae8886641b94480ef2d84a5f2.png,,22
时间的答卷,435万,435万次播放,4514,9.7,153人评,2021年6月上旬开播,"已完结, 全8集",http://i0.hdslb.com/bfs/bangumi/image/e4753f7716d4fcd0abc637848edfc6e7be38105d.jpg,,55
中央广播电视总台2021网络春晚,431万,431万次播放,1.8万,8.6,530人评,2021年2月11日开播,"已完结, 全3集",http://i0.hdslb.com/bfs/bangumi/image/a28a398d01625bce72312401e8fe95221909f4bd.jpg,1,209
康熙来了 2006,428.1万,428.1万次播放,6588,,,2006年1月2日开播,"连载中, 全集陆续更新中",http://i0.hdslb.com/bfs/bangumi/image/bccdea470178ea99e017c83e6fdf0c7d668e5e03.png,,5
《朗读者》第三季 “一平方米”特别节目,417.2万,417.2万次播放,1.1万,9.5,548人评,2020年12月11日开播,"已完结, 全3集",http://i0.hdslb.com/bfs/bangumi/image/c28ea045146a0bc999b3676c2d373ecb6c5d40c9.jpg,1,194
崩坏3「星火流音」纪念演出,406.8万,406.8万次播放,5.6万,9.9,14982人评,20:00开播,"已完结, 全2集",http://i0.hdslb.com/bfs/bangumi/image/c4e0bf0ae751c68a0bc5a70cfbfb2c9ff4c06aa0.png,25,5954
初音未来 魔法未来2020演唱会,383.8万,383.8万次播放,3.5万,9.9,4043人评,2020年11月29日开播,"已完结, 全1集",http://i0.hdslb.com/bfs/bangumi/image/eaa347d471b1738deece5f12ac7dae88ae55e1ed.png,8,937
小南叨叨叨,373.1万,373.1万次播放,1.3万,9.8,427人评,2020年3月18日开播,"已完结, 全11集",http://i0.hdslb.com/bfs/bangumi/image/983ba36bf1ae8cf87517a111199a5aa1b804cf2b.jpg,1,165
2021山东春节联欢晚会,366.6万,366.6万次播放,1.4万,9.5,202人评,2021年2月9日开播,"已完结, 全4集",http://i0.hdslb.com/bfs/bangumi/image/fc47c9251ddf2671f1c712cacb5ed78c9cacb5d1.jpg,,86
不单身音乐派对,366.4万,366.4万次播放,7918,9.4,225人评,2021年10月31日开播,"已完结, 全1集",http://i0.hdslb.com/bfs/bangumi/image/6e9f2da6fd1f9af5014226d559619d062c139698.jpg,,69
万籁,362.2万,362.2万次播放,4634,9.5,135人评,2022年5月16日开播,"连载中, 每周一22:40直播",http://i0.hdslb.com/bfs/bangumi/image/42882b143da6839529683596f1648d38e53d6cad.png,,51
BILIBILI MACRO LINK  2014,360.6万,360.6万次播放,42.5万,,,2014年9月20日开播,"已完结, 全5集",http://i0.hdslb.com/bfs/bangumi/image/a5b321b179b9ce7962c16eff7bbfbd6f73814a96.png,1,10
第27届东方风云榜音乐盛典,357.2万,357.2万次播放,4.1万,7.5,207人评,2020年7月19日开播,"已完结, 全1集",http://i0.hdslb.com/bfs/bangumi/image/fca0bbff306b834776a8ffe31f2dddda4b3fa45b.jpg,,92
河南卫视清明奇妙游,347.9万,347.9万次播放,3万,9.9,2131人评,2021年4月5日开播,"已完结, 全1集",http://i0.hdslb.com/bfs/bangumi/image/8ca918bfe8ce13836f3e71739bdf766969edb3ce.jpg,1,800
流淌的歌声 第三季,340.2万,340.2万次播放,1.1万,,,2021年6月25日开播,"已完结, 全9集",http://i0.hdslb.com/bfs/bangumi/image/2e684a1ca8af06b07c297f3bd3a0aaf61405bba1.png,1,102
最美中国戏,339万,339万次播放,3.6万,9.7,422人评,21：20开播,"已完结, 全8集",http://i0.hdslb.com/bfs/bangumi/image/334fb51e1f41d3e128401ec8bc22a37644ecb1ff.png,1,167
康熙来了 2005,313.7万,313.7万次播放,1万,,,2005年1月3日开播,"连载中, 全集陆续更新中",http://i0.hdslb.com/bfs/bangumi/image/2292e798bc0f731f4484309f3983a8a06c2ae90a.png,,10
2022山东春节联欢晚会,298.4万,298.4万次播放,1.1万,9.8,324人评,2022年1月30日开播,已完结，共1集,http://i0.hdslb.com/bfs/bangumi/image/2db60b60cb7ad566b7f1433d9a08741986e3bd6a.png,,223
我的音乐你听吗首唱会,291.2万,291.2万次播放,1.3万,9.8,347人评,2021年12月26日开播,"已完结, 全1集",http://i0.hdslb.com/bfs/bangumi/image/7e80c39be9bfbc1c8ff1101babbbab5424c1fcd1.jpg,,88
BILIBILI线下全息演唱会2019,291万,291万次播放,13.8万,9.9,1915人评,2019年7月19日开播,"已完结, 全2集",http://i0.hdslb.com/bfs/bangumi/image/11f7d0bab5a73dec10a4751331b8b7662e1b7ca3.jpg,1,419
康熙来了 2007,286.7万,286.7万次播放,8676,,,2007年1月1日开播,"连载中, 全集陆续更新中",http://i0.hdslb.com/bfs/bangumi/image/e4ad940b3b0cd20c34db4958ec6d209293e700c8.png,,8
未来有你·初音未来2019中国巡回演唱会 广州站,277.2万,277.2万次播放,1.9万,9.9,2126人评,2019年11月23日开播,"已完结, 全1集",http://i0.hdslb.com/bfs/bangumi/image/21fb740a38feef009f66146058ac3cad75af03e5.jpg,2,665
康熙来了 2016,267.8万,267.7万次播放,7240,,,2016年1月4日开播,"已完结, 全8集",http://i0.hdslb.com/bfs/bangumi/image/4f9cb4852daf3ea3c661effca9077ed91b4644d8.png,,6
陷入姜局,266.3万,266.3万次播放,1.1万,7.2,278人评,2020年4月22日开播,"已完结, 全6集",http://i0.hdslb.com/bfs/bangumi/image/d2cd3a63ec85937979601f4f9c1305fbb1507cd3.png,,142
BILIBILI MACRO LINK  2018北京场,257.7万,257.7万次播放,5.5万,9.2,101人评,2018年10月6日开播,"已完结, 全2集",http://i0.hdslb.com/bfs/bangumi/image/ccda10dc0d47685178d4b62a364b2902eae13f02.png,,23
朗读者 第一季,248.6万,248.6万次播放,1.2万,9.2,500人评,2017年2月18日开播,"已完结, 全12集",http://i0.hdslb.com/bfs/bangumi/image/a752c12eaf41fad46c2653205dc1922fa70865f5.png,1,153
“黄河之水天上来”国宝音乐会,237.9万,237.9万次播放,4.1万,9.9,1449人评,2020年1月29日开播,"已完结, 全1集",http://i0.hdslb.com/bfs/bangumi/image/bbacec5a91cae1b5db61a3684dba2ce0afd74986.jpg,2,360
2021河南卫视元宵奇妙夜,227.1万,227.1万次播放,1.1万,9.9,1142人评,2021年2月25日开播,"已完结, 全1集",http://i0.hdslb.com/bfs/bangumi/image/fc104b730d8122ccfa0f2d86800aca1b33f8f2ae.jpg,3,445
DV计划,220.2万,220.2万次播放,4.7万,9.8,427人评,2022年3月4日开播,连载中,http://i0.hdslb.com/bfs/bangumi/image/34ddc6a2e361f5775551a4c59d674898a45f15de.png,,93
BILIBILI MACRO LINK  2015,220万,220万次播放,20.2万,,,2015年7月25日开播,"已完结, 全2集",http://i0.hdslb.com/bfs/bangumi/image/74889b89f6ae493ea89ea1706267df359eb5bf5d.png,,13
虎年福见欢喜就好2022福建新春欢喜夜,210.8万,210.8万次播放,2万,9.9,1310人评,2022年1月30日开播,已完结，共1集,http://i0.hdslb.com/bfs/bangumi/image/ee1d5fb132f9be83c085e5f8b0eb4a945e5ef4eb.png,3,629
BILIBILI MACRO LINK 2013,190.3万,190.3万次播放,11.8万,,,2013年10月13日开播,"已完结, 全4集",http://i0.hdslb.com/bfs/bangumi/image/905e23282f562ab5ad4d7bcb9022d323e299d6d1.png,,28
别愁！我来啦,186.7万,186.7万次播放,2109,,,敬请期待,连载中,http://i0.hdslb.com/bfs/bangumi/image/51b3d8b6db853246ff59aebe5ba1f035bab5596d.jpg,,106
乃木坂46日语教室,159.7万,159.7万次播放,7315,9.7,403人评,2020年6月26日开播,连载中,http://i0.hdslb.com/bfs/bangumi/image/414e5a1ccc1050edd2c645b98b1fd1cadd14261c.jpg,,118
未来有你·初音未来2020特别感谢LIVE,156.9万,156.9万次播放,1.2万,9.9,1829人评,2020年12月25日开播,"已完结, 全1集",http://i0.hdslb.com/bfs/bangumi/image/b3576bb5eeb2616e826260a6ab28e74637f6bf75.png,6,461
未来中国,152万,152万次播放,4468,9.7,205人评,2022年3月4日开播,连载中,http://i0.hdslb.com/bfs/bangumi/image/46b5b4a55e2ba05ab76536bcf54ccd49007100aa.png,3,87
Johnny's World Happy LIVE with YOU,137.5万,137.5万次播放,2.3万,9.9,1472人评,2020年4月8日开播,连载中,http://i0.hdslb.com/bfs/bangumi/image/d59c5bb1187d84f9cfa5cbfc11edda11aab35461.jpg,,664
燃烧吧！天才程序员2·可信AI,136.5万,136.5万次播放,3321,9.4,201人评,2022年6月13日开播,"连载中, 6月13日起每周一二三20点更新",http://i0.hdslb.com/bfs/bangumi/image/a336f7626af099210fc6fd19a0c67aeb4384becd.jpg,,62
BILIBILI MACRO LINK-VISUAL RELEASR 2018,136万,136万次播放,5.9万,9.7,210人评,2018年7月20日开播,已完结，共1集,http://i0.hdslb.com/bfs/bangumi/image/b9bea3a720ce07a6630365b493509ae274925bdf.jpg,1,37
朗读者 第二季,133.6万,133.6万次播放,4499,8.7,301人评,2018年5月5日开播,"已完结, 全12集",http://i0.hdslb.com/bfs/bangumi/image/6938b0e8ff187c124440d4171400571e5d7eaf92.png,,114
国家宝藏·国宝音乐会,130.2万,130.2万次播放,2万,9.9,759人评,2019年11月5日开播,"已完结, 全1集",http://i0.hdslb.com/bfs/bangumi/image/5d513a97e65d71e5b4e909b2aff55dbd55912cef.jpg,,198
技惊四座,127.7万,127.7万次播放,3698,,,2020年12月19日开播,"已完结, 全10集",http://i0.hdslb.com/bfs/bangumi/image/88a5448b410bf3fa14e2bb5b7a36813832d2eaa1.png,,25
未来有你·初音未来2021演唱会,122.9万,122.9万次播放,1.3万,9.9,1485人评,2021年12月25日开播,已完结，共1集,http://i0.hdslb.com/bfs/bangumi/image/3bb8f65455f0790fc1f90045a6ffcd2212b5acea.png,2,392
衣尚中国,108.2万,108.2万次播放,1.9万,7.6,278人评,2020年11月7日开播,"已完结, 全11集",http://i0.hdslb.com/bfs/bangumi/image/499a0676758cb56cd55fae5de257abdb43322026.jpg,3,143
中国梦•我的梦 2022中国网络视听年度盛典,103.8万,103.8万次播放,4636,,,2022年2月2日开播,连载中,http://i0.hdslb.com/bfs/bangumi/image/557bf1145d59b5b88e4d898e1f7d90d59796925f.png,,
穿越康熙,99万,99万次播放,1297,,,2017年1月17日开播,"已完结, 全226集",http://i0.hdslb.com/bfs/bangumi/image/d521db392e73b5484b08879997f67fc794d3e0ae.png,,1
四海聚一家 战疫特别节目,95.2万,95.2万次播放,2.5万,9.8,891人评,2020年4月24日开播,"已完结, 全1集",http://i0.hdslb.com/bfs/bangumi/image/88e9567aaec488438579c57131aff9928007809b.png,1,283
龙腾虎跃大湾区-2022广东卫视春节晚会,94.8万,94.8万次播放,3769,,,2022年2月1日开播,已完结，共1集,http://i0.hdslb.com/bfs/bangumi/image/19545327c2b28bebbc649ec1906a81c486d4d36c.png,,22
2022花开天下·国韵新年演唱会,92.9万,92.9万次播放,9071,9.8,432人评,2022年1月1日开播,连载中,http://i0.hdslb.com/bfs/bangumi/image/cf6f219b5903b0bcedceb4d8d86165ec6e22d0c0.png,1,174
《还有诗和远方·诗画浙江篇》第二季,92.3万,92.3万次播放,1.7万,9.2,293人评,2021年4月25日开播,"已完结, 全8集",http://i0.hdslb.com/bfs/bangumi/image/8a22e559cd4e079913c3a168b1bb9b0d1c25b67d.png,,169
成长吧！大熊猫,82.9万,82.9万次播放,2236,,,2022年5月7日开播,连载中,http://i0.hdslb.com/bfs/bangumi/image/d0d184571627a622eefe9dbc1e9998d159d1406c.png,,29
BILIBILI MACRO LINK-VISUAL RELEASR 2017,82.6万,82.6万次播放,2.6万,,,2017年7月21日开播,"已完结, 全2集",http://i0.hdslb.com/bfs/bangumi/image/a0fe9b4c303fd1e78126052d4f8dc0daa2241ba7.jpg,,17
国学小名士 第三季,81.2万,81.2万次播放,2280,,,2019年11月24日开播,"已完结, 全12集",http://i0.hdslb.com/bfs/bangumi/image/972f87c61341d638776e148e524859fd04dac63e.jpg,,7
最美中轴线,77.6万,77.6万次播放,4716,8.3,102人评,2021年7月3日开播,"已完结, 全11集",http://i0.hdslb.com/bfs/bangumi/image/29d5a38d8f6f44694b6926ec0bfc479bb8e9824b.jpg,,38
2022山东卫视欢乐元宵夜,74.8万,74.8万次播放,1020,,,2022年2月15日开播,已完结，共1集,http://i0.hdslb.com/bfs/bangumi/image/2caa0d687b6bf4980b387e68db124bbd4d4fa0c8.png,,7
2020河南春晚 龙腾黄河中国年,70.6万,70.6万次播放,3116,9.9,122人评,2020年1月26日开播,"已完结, 全1集",http://i0.hdslb.com/bfs/bangumi/image/50d97fea3fb7ad3487bebfc3ba6cb2cc657570de.jpg,,54
太合合家欢,69.8万,69.8万次播放,1.3万,,,2021年2月18日开播,"已完结, 全2集",http://i0.hdslb.com/bfs/bangumi/image/e1abaff40962158de7d103317afe7f5b0ab5032f.jpg,,11
各位游客请注意,69.8万,69.8万次播放,1.6万,,,2019年8月3日开播,"已完结, 全12集",http://i0.hdslb.com/bfs/bangumi/image/3c23958cc99822ab4cd213876a119ffce4738a90.jpg,,18
【夏日漫画季】comic summer con 2021,67.9万,67.9万次播放,2027,,,2021年7月15日开播,"已完结, 全1集",http://i0.hdslb.com/bfs/bangumi/image/85700a7fd393b58690df79dd49e4629e07a6af55.png,,10
Weekly UP 一周干一杯,67.7万,67.7万次播放,1956,,,2019年6月30日开播,"已完结, 全1集",http://i0.hdslb.com/bfs/bangumi/image/f26164039456983d25aed5def4af2cf4d1c0f906.jpg,,28
还有诗和远方,65万,65万次播放,1998,,,2020年8月9日开播,连载中,http://i0.hdslb.com/bfs/bangumi/image/e435e1a0feb33bc4f0535e09cd0256c9d9f65c7c.jpg,,20
求职高手,61.4万,61.4万次播放,2169,,,2019年8月4日开播,"已完结, 全13集",http://i0.hdslb.com/bfs/bangumi/1bb33db0160ffa8e9f70db4705b9fbcd2f0772b8.jpg,,23
飞黄腾达ONE冠军赛,54.8万,54.8万次播放,2085,,,2021年3月20日开播,"已完结, 全13集",http://i0.hdslb.com/bfs/bangumi/image/7433b1a0cb0ff276d4745a5984753ac1f432c09a.jpg,,6
朤月东方—中秋梦幻,54.8万,54.8万次播放,2468,,,2021年9月21日开播,"已完结, 全1集",http://i0.hdslb.com/bfs/bangumi/image/a5392748c7ef7e8447634023fa193d9d1e2b0ef0.png,,13
触电大咖说,51.8万,51.8万次播放,1951,,,2019年5月28日开播,"已完结, 全9集",http://i0.hdslb.com/bfs/bangumi/image/46a4ab9b970265e446c8bad1a206486fc4bb268d.jpg,,27
求职高手青春季,50.1万,50.1万次播放,410,,,2021年10月6日开播,"已完结, 全10集",http://i0.hdslb.com/bfs/bangumi/image/d7a6fbbd60adf6ed3c150bbcb25074fff7fd3dff.png,,1
《潮起福建·中国年》2021年福建春节联欢晚会,45.1万,45.1万次播放,941,,,2021年2月12日开播,"已完结, 全2集",http://i0.hdslb.com/bfs/bangumi/image/6d6d49d8dcf9a6f9fa6e7deba63153765d4b6f01.jpg,,12
成语天下,43.1万,43.1万次播放,5025,,,2019年6月30日开播,"已完结, 全12集",http://i0.hdslb.com/bfs/bangumi/10c13c6918c5e9680ec7a81f32c591655357520d.png,,26
超人女子战士 V学霸,38.9万,38.9万次播放,2780,8.8,277人评,2019年12月27日开播,连载中,http://i0.hdslb.com/bfs/bangumi/image/da1981f4ca98b53e10994bd8228a143e6af2dfa6.png,1,94
饭没了秀中华小使者,38万,38万次播放,889,,,2019年8月10日开播,"已完结, 全12集",http://i0.hdslb.com/bfs/bangumi/0d927911c97441f5cb6070b39ab1e4c910aca06e.jpg,,10
ROY6的诞生时光,37.2万,37.2万次播放,4179,9.8,515人评,2018年10月11日开播,"已完结, 全11集",http://i0.hdslb.com/bfs/bangumi/image/60a03e0750c3dc1cf5a98b997c7a24186388e0e5.png,1,409
斯文江南,35.4万,35.4万次播放,1252,,,2022年1月6日开播,"已完结, 全10集",http://i0.hdslb.com/bfs/bangumi/image/b2cd124bb6db3af04fcbebb41171cf0bdde0c091.png,1,19
群演公社,34.9万,34.9万次播放,596,,,2019年6月23日开播,"已完结, 全6集",http://i0.hdslb.com/bfs/bangumi/2aa5a689af0259c0cf89fc87308d50056af255a2.jpg,,1
2021美好生活欢乐送,33万,33万次播放,2605,,,2021年3月13日开播,连载中,http://i0.hdslb.com/bfs/bangumi/image/b39630a9f67d9b0fb032aad65627fa1682bfafdc.jpg,,40
我中国少年 第2季,31.3万,31.3万次播放,575,,,2019年5月19日开播,"已完结, 全14集",http://i0.hdslb.com/bfs/bangumi/a44f2529962cd1e56afb5d0e55b93eef8d78507a.jpg,,5
中国节气—春分奇遇记 ,28.8万,28.8万次播放,1549,9.9,383人评,2022年3月19日开播,"已完结, 全1集",http://i0.hdslb.com/bfs/bangumi/image/030e91130b339cf01d6e97da84c0c96a50ab82fe.png,,157
2022川渝春节联欢晚会,26.8万,26.8万次播放,748,,,2022年1月30日开播,已完结，共1集,http://i0.hdslb.com/bfs/bangumi/image/eec7aec316550fdcce929ac3acf365ecf61d1f5d.png,,8
Hi☆频道 Hi☆Channel,26万,26万次播放,1098,9.8,104人评,2020年6月28日开播,连载中,http://i0.hdslb.com/bfs/bangumi/image/1baf96bb39749c7731bedd4be236afa53b41be50.jpg,,35
我们正年轻·2021芳华盛典,21.9万,21.9万次播放,1204,,,2021年2月5日开播,"已完结, 全1集",http://i0.hdslb.com/bfs/bangumi/image/71d55941f53d825b38cd44da1c3e93ad06dab3bd.jpg,,12
还有诗和远方·诗画浙江篇 第三季,18.8万,18.8万次播放,605,,,2022年6月26日开播,"连载中, 6月26日起每周日21:40更新",http://i0.hdslb.com/bfs/bangumi/image/e7907aa3213301db854df11b3d49a6bb1c4ce106.jpg,,2
“幸福中国年”2021山东欢乐元宵夜,18.5万,18.5万次播放,525,,,2021年2月26日开播,"已完结, 全1集",http://i0.hdslb.com/bfs/bangumi/image/bcb7ef73bc00a14b417ef9a7cc458d5c647cab4f.jpg,,2
丝路筑梦 和美与共 2022丝路嘉年华暨丝路春晚,17.2万,17.2万次播放,775,,,2022年2月1日开播,已完结，共1集,http://i0.hdslb.com/bfs/bangumi/image/840059f01e84a6183b214301ff1d87b184c99c6a.png,,33
快乐站你这边,16.4万,16.4万次播放,1749,,,2022年2月3日开播,"已完结, 全1集",http://i0.hdslb.com/bfs/bangumi/image/0b2401528d76f0c4442feea30621c88f2a0c35f6.png,,4
Lucky 7 baby 第6季,14.6万,14.6万次播放,5167,,,2022年7月8日开播,连载中,http://i0.hdslb.com/bfs/bangumi/image/4e6019c9d7df576dae0064ccc635062426567c2b.jpg,,19
妙墨中国心,14.3万,14.3万次播放,619,,,21:10开播,"已完结, 全6集",http://i0.hdslb.com/bfs/bangumi/image/165226988d98a3232146561d6113c3b2ff1d660b.png,,15
中国节气·谷雨奇遇记,14.1万,14.1万次播放,1354,9.8,149人评,2022年4月20日开播,连载中,http://i0.hdslb.com/bfs/bangumi/image/d9fb0fcd0650de7a44f64975a69cf890d01acf61.png,,66
熊本新发现之旅,13.3万,13.3万次播放,486,,,2018年12月11日开播,"已完结, 全2集",http://i0.hdslb.com/bfs/bangumi/58712e606126820ce956947cb2708e0c8dae7058.png,,4
西安人的歌,12.8万,12.8万次播放,829,,,2022年1月25日开播,已完结，共1集,http://i0.hdslb.com/bfs/bangumi/image/d4118d7a0f674a135b089f94ec48b67c205f2605.png,,16
与熊本熊的熊本相遇之旅 ,12.4万,12.4万次播放,1588,,,2019年1月31日开播,"已完结, 全25集",http://i0.hdslb.com/bfs/bangumi/1824aa8f6a1e18d3cd246aa7727fbff3daa487b1.png,,18
中国好时节-春分篇,11.7万,11.7万次播放,299,,,2022年3月20日开播,连载中,http://i0.hdslb.com/bfs/bangumi/image/c43b85a7211fb6257977ca47e0008420ecd36c8d.png,,8
中国节气·立夏奇遇记,10万,10万次播放,733,9.9,129人评,2022年5月5日开播,"已完结, 全1集",http://i0.hdslb.com/bfs/bangumi/image/95167a7397ac14bc4527af81ab3e3cf024dee5fb.png,,61
熊本熊的秘密,8.5万,8.5万次播放,373,,,2018年12月11日开播,"已完结, 全1集",http://i0.hdslb.com/bfs/bangumi/220572f942adb2d292638ba6ea891273712a1825.png,,4
2022广东卫视元宵节特别节目《龙腾虎跃闹元宵》,8.5万,8.5万次播放,55,,,2022年2月15日开播,已完结，共1集,http://i0.hdslb.com/bfs/bangumi/image/7e1aa51fbd0e3175069dad78aaaf5b957a7d62d3.png,,
我是极客,8.3万,8.3万次播放,893,,,2021年10月18日开播,"已完结, 全5集",http://i0.hdslb.com/bfs/bangumi/image/56e34d1b94a3a2b0a87bca2ba0236979dbcfffa6.png,,8
齐鲁文化大会,5.6万,5.6万次播放,470,,,2021年10月17日开播,"已完结, 全12集",http://i0.hdslb.com/bfs/bangumi/image/3c77c7901b652eda4f6c81270b5f7426d5365fd2.png,,7
传家宝里的新中国,5.4万,5.4万次播放,29,,,2019年10月2日开播,"已完结, 全10集",http://i0.hdslb.com/bfs/bangumi/a043d4c7c637d2a433d3b3261964ff1f870e502d.jpg,,1
百年奋进铸辉煌—山东省庆祝中国共产党成立100周年文艺演出,5.1万,5.1万次播放,10,,,2021年6月30日开播,连载中,http://i0.hdslb.com/bfs/bangumi/image/c2690920aa0b38663524f8109ce758f25143b796.png,,1
见多识廣,5万,5万次播放,240,,,2019年6月30日开播,"已完结, 全6集",http://i0.hdslb.com/bfs/bangumi/841e0dce5f77b69fe262a7dbf2da34ce9c475260.jpg,,4
《长城长》第一季,4.8万,4.8万次播放,297,,,2022年2月5日开播,连载中,http://i0.hdslb.com/bfs/bangumi/image/4035fd90604710ea470416a1cb588ccceb9dfb45.jpg,1,3
青春的力量 第二季,4.4万,4.4万次播放,24,,,2020年1月5日开播,"已完结, 全10集",http://i0.hdslb.com/bfs/bangumi/image/dfd332aa3ae01f15d47b2c38141b022b8f80fcb0.png,,
我的青春有片海,3.5万,3.5万次播放,135,,,2022年7月10日开播,"已完结, 全1集",http://i0.hdslb.com/bfs/bangumi/image/bcaa981651ca26bd87104dc8e61be002d67583f7.jpg,,1
熊本熊绘本,2.4万,2.4万次播放,27,,,2018年12月11日开播,"已完结, 全1集",http://i0.hdslb.com/bfs/bangumi/43908a48dc263ebe3fc234a882cc090e24839505.png,,1
“第十三届光影航程——2021海峡影视季晚会”,9136,9136次播放,1,,,23：00开播,已完结，共1集,http://i0.hdslb.com/bfs/bangumi/image/7e57656af3b8f9210c4d93a26e8da41930f49bfe.jpg,,2
戏宇宙,7541,7535次播放,208,,,2022年7月9日开播,"连载中, 7月9日起每周六 22:00更新",http://i0.hdslb.com/bfs/bangumi/image/cc6a63378850af26724e0b8beea9109d6840c1d4.jpg,,3
超级语文课,3698,3692次播放,14,,,2022年7月17日开播,连载中,http://i0.hdslb.com/bfs/bangumi/image/ec343ed60de593fae81bfe0b496dd26a548bd03e.jpg,,
